stock_code,timestamp,open,high,low,close,volume,turnover
NVDA.US,2023-01-03,148.51,149.96,140.96,143.15,40127658,5765590265.0
NVDA.US,2023-01-04,145.67,148.53,142.41,147.49,43132360,6303899683.0
NVDA.US,2023-01-05,144.91,145.64,141.48,142.65,38916811,5570569599.0
NVDA.US,2023-01-06,144.74,150.1,140.34,148.59,40504362,5912922362.0
NVDA.US,2023-01-09,152.84,160.56,151.41,156.28,50423056,7960665713.0
NVDA.US,2023-01-10,155.07,159.62,154.72,159.09,38410126,6048428494.0
NVDA.US,2023-01-11,158.395,160.28,155.63,160.01,35328493,5590289920.0
NVDA.US,2023-01-12,161.0,166.37,154.92,165.11,55140906,8934559181.0
NVDA.US,2023-01-13,162.78,169.22,161.65,168.99,44728706,7458824550.0
NVDA.US,2023-01-17,168.99,177.28,168.99,177.02,51110216,8950959187.0
NVDA.US,2023-01-18,176.67,178.73,172.82,173.77,43962355,7703962503.0
NVDA.US,2023-01-19,170.36,171.97,167.31,167.65,45293160,7668669589.0
NVDA.US,2023-01-20,170.11,178.56,168.25,178.39,56496712,9844130952.0
NVDA.US,2023-01-23,180.64,192.45,178.175,191.93,65516259,12330283490.0
NVDA.US,2023-01-24,188.27,194.95,188.2,192.65,49620410,9502170528.0
NVDA.US,2023-01-25,189.125,193.7,185.8,193.23,44953711,8537133753.0
NVDA.US,2023-01-26,197.01,201.66,192.78,198.02,48953542,9615482374.0
NVDA.US,2023-01-27,194.62,206.28,194.05,203.65,54214198,10934935736.0
NVDA.US,2023-01-30,199.5,201.4,191.5,191.62,48861115,9554459617.0
NVDA.US,2023-01-31,191.695,196.87,189.5,195.37,49801658,9663945703.0
NVDA.US,2023-02-01,196.91,211.92,196.11,209.43,66047704,13450056396.0
NVDA.US,2023-02-02,210.0,219.49,207.0,217.09,56427580,12106620441.0
NVDA.US,2023-02-03,210.0,217.45,207.89,211.0,42936595,9150921452.0
NVDA.US,2023-02-06,208.06,215.7,207.86,210.89,45219709,9585899378.0
NVDA.US,2023-02-07,213.82,222.59,211.5,221.73,66414961,14410292923.0
NVDA.US,2023-02-08,223.87,228.78,220.08,222.05,55965122,12525918759.0
NVDA.US,2023-02-09,226.06,230.2,221.2,223.37,52387578,11874440391.0
NVDA.US,2023-02-10,216.9,220.776,208.11,212.65,55073675,11739048160.0
NVDA.US,2023-02-13,215.38,220.48,209.62,217.88,47491862,10302873892.0
NVDA.US,2023-02-14,215.78,230.488,213.66,229.71,67547350,15244257347.0
NVDA.US,2023-02-15,225.49,228.55,221.06,227.64,42118826,9496433113.0
NVDA.US,2023-02-16,221.33,225.5,219.268,220.02,41202628,9166026962.0
NVDA.US,2023-02-17,216.31,217.4,209.75,213.88,46588764,9942788154.0
NVDA.US,2023-02-21,210.0,214.938,206.18,206.55,41001455,8585897101.0
NVDA.US,2023-02-22,207.07,211.04,204.21,207.54,51318432,10777910350.0
NVDA.US,2023-02-23,234.4,238.88,230.25,236.64,111799541,26295845266.0
NVDA.US,2023-02-24,232.25,234.74,229.47,232.86,58971591,13686469478.0
NVDA.US,2023-02-27,236.7,238.799,234.54,235.01,45299367,10713232481.0
NVDA.US,2023-02-28,233.72,238.25,232.06,232.16,45596280,10701973109.0
NVDA.US,2023-03-01,231.92,232.556,225.08,226.98,46002562,10495438832.0
NVDA.US,2023-03-02,224.88,233.804,224.32,233.14,39007465,8946406725.0
NVDA.US,2023-03-03,233.2,239.0,231.3,238.9,41239330,9705477798.0
NVDA.US,2023-03-06,238.91,242.48,234.87,235.54,43742923,10429758457.0
NVDA.US,2023-03-07,236.0,241.25,232.41,232.88,51515388,12197091594.0
NVDA.US,2023-03-08,234.87,242.0,234.235,241.81,51357339,12260335942.0
NVDA.US,2023-03-09,241.75,244.54,233.828,234.36,50125699,11997230284.0
NVDA.US,2023-03-10,234.09,236.27,227.26,229.65,47486565,10971335276.0
NVDA.US,2023-03-13,227.52,232.98,222.97,229.66,42189032,9673019188.0
NVDA.US,2023-03-14,234.96,242.19,234.6,240.63,47491013,11359347367.0
NVDA.US,2023-03-15,237.61,242.86,233.6,242.28,52448574,12488872214.0
NVDA.US,2023-03-16,240.27,255.88,238.94,255.41,58494626,14607250647.0
NVDA.US,2023-03-17,259.82,263.99,256.68,257.25,84854656,21999230762.0
NVDA.US,2023-03-20,256.15,260.24,251.298,259.0,43274719,11118408806.0
NVDA.US,2023-03-21,261.8,263.92,253.81,261.99,54740776,14251784574.0
NVDA.US,2023-03-22,264.25,275.89,262.37,264.68,79729511,21512556821.0
NVDA.US,2023-03-23,271.155,274.99,266.9,271.91,56488876,15358214757.0
NVDA.US,2023-03-24,270.31,271.67,263.55,267.79,45541407,12138347262.0
NVDA.US,2023-03-27,268.37,270.0,263.65,265.31,36102574,9623009782.0
NVDA.US,2023-03-28,264.47,265.13,258.5,264.1,35610378,9321457089.0
NVDA.US,2023-03-29,268.25,270.78,265.97,269.84,39369387,10590141960.0
NVDA.US,2023-03-30,272.29,274.99,271.02,273.83,36451574,9961901099.0
NVDA.US,2023-03-31,271.4,278.343,271.05,277.77,43393277,11967390524.0
NVDA.US,2023-04-03,275.09,280.0,273.36,279.65,39871560,11043734734.0
NVDA.US,2023-04-04,279.66,280.0,273.07,274.53,36859153,10180096852.0
NVDA.US,2023-04-05,268.29,269.98,263.95,268.81,51501474,13743654974.0
NVDA.US,2023-04-06,265.84,270.8,264.27,270.37,39765434,10684109832.0
NVDA.US,2023-04-10,268.23,276.21,266.69,275.79,39527855,10791420502.0
NVDA.US,2023-04-11,277.235,277.9,271.26,271.69,31437817,8589343283.0
NVDA.US,2023-04-12,273.7,274.68,264.475,264.95,44625895,11952781963.0
NVDA.US,2023-04-13,267.34,268.869,263.29,264.63,35361528,9424741315.0
NVDA.US,2023-04-14,265.04,268.83,262.2,267.58,39566013,10514405921.0
NVDA.US,2023-04-17,265.655,270.06,264.332,270.02,32147130,8598170420.0
NVDA.US,2023-04-18,275.335,281.1,273.57,276.67,60481154,16784313760.0
NVDA.US,2023-04-19,273.61,280.0,272.32,279.31,35866041,9950614215.0
NVDA.US,2023-04-20,276.71,280.3,270.0,271.04,42771326,11767909979.0
NVDA.US,2023-04-21,269.52,271.83,267.22,271.19,34510277,9317757689.0
NVDA.US,2023-04-24,270.13,273.66,266.71,270.42,33928186,9163376548.0
NVDA.US,2023-04-25,270.78,272.47,262.25,262.41,37852716,10053281513.0
NVDA.US,2023-04-26,270.02,273.3,267.051,269.56,40633681,10989232843.0
NVDA.US,2023-04-27,273.63,274.95,266.25,272.26,37716119,10175317585.0
NVDA.US,2023-04-28,272.25,277.58,270.715,277.49,29221614,8027527506.0
NVDA.US,2023-05-01,278.4,290.584,277.8,289.1,57032853,16325231571.0
NVDA.US,2023-05-02,286.8,288.36,280.83,282.1,40272957,11419245034.0
NVDA.US,2023-05-03,278.4,283.67,274.72,278.02,38338740,10699661902.0
NVDA.US,2023-05-04,276.51,278.59,272.4,275.62,32185041,8873734493.0
NVDA.US,2023-05-05,278.255,287.55,277.31,286.8,36149408,10269434444.0
NVDA.US,2023-05-08,285.22,292.2,283.5,291.51,34497890,9955359779.0
NVDA.US,2023-05-09,288.99,289.73,284.5,285.71,31486946,9014823086.0
NVDA.US,2023-05-10,290.05,291.13,284.613,288.85,36934998,10657321052.0
NVDA.US,2023-05-11,288.96,289.5,282.46,285.78,32214903,9200551391.0
NVDA.US,2023-05-12,285.29,287.8,280.46,283.4,27422225,7768440295.0
NVDA.US,2023-05-15,285.085,289.69,281.52,289.53,29392587,8427895627.0
NVDA.US,2023-05-16,288.41,298.7,288.32,292.13,44940494,13224609433.0
NVDA.US,2023-05-17,295.84,301.99,294.3,301.78,43253541,12926554096.0
NVDA.US,2023-05-18,304.1,318.28,303.2,316.78,74872501,23465943698.0
NVDA.US,2023-05-19,315.36,315.8,309.16,312.64,47390765,14811125252.0
NVDA.US,2023-05-22,309.01,315.2,306.8,311.76,37199967,11609826587.0
NVDA.US,2023-05-23,310.0,312.88,306.31,306.88,35625326,11010641503.0
NVDA.US,2023-05-24,302.1,306.07,298.06,305.38,72141851,23200444033.0
NVDA.US,2023-05-25,385.23,394.8,366.35,379.8,154391067,59134592154.0
NVDA.US,2023-05-26,378.9,391.7,375.5,389.46,71439676,27526643737.0
NVDA.US,2023-05-30,405.95,419.38,399.49,401.11,92340110,37544496860.0
NVDA.US,2023-05-31,394.88,402.95,378.22,378.34,100258020,38675172711.0
NVDA.US,2023-06-01,384.89,400.5,383.4,397.7,63587295,24998776025.0
NVDA.US,2023-06-02,400.97,405.0,390.58,393.27,48273121,19096073181.0
NVDA.US,2023-06-05,389.09,395.65,387.07,391.71,39609381,15486599593.0
NVDA.US,2023-06-06,388.3,391.6,381.48,386.54,38872914,15049048272.0
NVDA.US,2023-06-07,389.15,394.99,373.56,374.75,51199789,19641473859.0
NVDA.US,2023-06-08,377.24,388.64,375.05,385.1,41777240,16023088203.0
NVDA.US,2023-06-09,390.37,397.11,385.67,387.7,42771747,16713392496.0
NVDA.US,2023-06-12,392.0,395.3,386.18,394.82,38967335,15217495251.0
NVDA.US,2023-06-13,401.86,411.01,397.4,410.22,61320816,24854752111.0
NVDA.US,2023-06-14,408.24,430.0,405.52,429.97,74046502,31079216699.0
NVDA.US,2023-06-15,426.02,432.89,421.47,426.53,56862204,24327567383.0
NVDA.US,2023-06-16,434.5,437.21,426.605,426.92,65570941,28328527312.0
NVDA.US,2023-06-20,429.98,439.9,426.74,438.08,45115311,19523247114.0
NVDA.US,2023-06-21,435.01,436.15,420.8,430.45,55160291,23644910024.0
NVDA.US,2023-06-22,422.53,434.255,422.34,430.25,41773743,17949024264.0
NVDA.US,2023-06-23,424.64,428.09,420.15,422.09,35813984,15182032102.0
NVDA.US,2023-06-26,424.61,427.64,401.0,406.32,59432192,24448541450.0
NVDA.US,2023-06-27,407.99,419.4,404.48,418.76,46217470,19063483614.0
NVDA.US,2023-06-28,406.6,418.45,405.18,411.17,58263927,23991375344.0
NVDA.US,2023-06-29,415.58,416.0,406.0,408.22,38051430,15590599270.0
NVDA.US,2023-06-30,416.8,425.5,415.01,423.02,50114775,21157772613.0
NVDA.US,2023-07-03,425.17,428.98,422.02,424.13,19820919,8425987160.0
NVDA.US,2023-07-05,421.35,431.77,420.85,423.17,32361756,13806969055.0
NVDA.US,2023-07-06,418.44,421.79,413.46,421.03,30413879,12717800955.0
NVDA.US,2023-07-07,423.22,432.14,421.8,425.03,35588147,15218981568.0
NVDA.US,2023-07-10,426.57,428.11,416.49,421.8,35390811,14910363263.0
NVDA.US,2023-07-11,424.81,427.58,420.67,424.05,29824406,12637987253.0
NVDA.US,2023-07-12,430.33,439.35,427.773,439.02,48127702,20982668119.0
NVDA.US,2023-07-13,445.18,461.55,444.92,459.77,47820369,21611693998.0
NVDA.US,2023-07-14,465.828,480.88,450.6,454.69,77207533,36016335539.0
NVDA.US,2023-07-17,462.89,464.96,452.624,464.61,51048822,23432081438.0
NVDA.US,2023-07-18,467.01,478.96,457.34,474.94,57019042,26742325267.0
NVDA.US,2023-07-19,474.64,478.18,467.42,470.77,42750179,20160741978.0
NVDA.US,2023-07-20,465.07,470.87,450.62,455.2,53786451,24708416993.0
NVDA.US,2023-07-21,457.88,458.66,441.0,443.09,96376863,42990742861.0
NVDA.US,2023-07-24,447.31,451.09,440.4,446.12,38309974,17098341949.0
NVDA.US,2023-07-25,449.41,461.825,449.23,456.79,34808091,15932604323.0
NVDA.US,2023-07-26,460.21,460.53,446.3,454.52,36423726,16506318504.0
NVDA.US,2023-07-27,465.19,473.95,457.5,459.0,45597552,21276365816.0
NVDA.US,2023-07-28,466.68,470.27,463.81,467.5,33119424,15468542891.0
NVDA.US,2023-07-31,467.54,471.3,465.06,467.29,25105528,11737928748.0
NVDA.US,2023-08-01,464.595,469.0,460.27,465.07,23927597,11125283626.0
NVDA.US,2023-08-02,458.31,458.4,433.87,442.69,53014157,23559549905.0
NVDA.US,2023-08-03,438.0,451.18,438.0,445.15,32507660,14506775384.0
NVDA.US,2023-08-04,449.85,456.42,443.93,446.8,36266618,16324150273.0
NVDA.US,2023-08-07,451.11,455.4,445.635,454.165,32215354,14534179504.0
NVDA.US,2023-08-08,448.53,452.42,440.56,446.64,35384343,15787785443.0
NVDA.US,2023-08-09,442.74,443.12,421.34,425.54,58644907,25203930435.0
NVDA.US,2023-08-10,421.6,435.74,418.35,423.88,49270530,20997288456.0
NVDA.US,2023-08-11,417.51,420.18,406.39,408.55,53308526,21953976521.0
NVDA.US,2023-08-14,404.86,438.0,403.11,437.53,69028583,29468840692.0
NVDA.US,2023-08-15,445.6,452.68,437.1,439.4,67651151,30024022985.0
NVDA.US,2023-08-16,445.2,446.75,434.06,434.86,52745068,23178582069.0
NVDA.US,2023-08-17,439.7,440.62,430.01,433.435,45239482,19683791120.0
NVDA.US,2023-08-18,426.35,435.78,416.6,432.99,58376787,24930443205.0
NVDA.US,2023-08-21,444.94,470.65,442.22,469.67,69257337,31715926179.0
NVDA.US,2023-08-22,481.35,481.87,453.331,456.68,75720691,35035692703.0
NVDA.US,2023-08-23,458.66,472.0,452.08,471.16,77904608,36985220358.0
NVDA.US,2023-08-24,502.16,502.66,471.59,471.63,115604409,55938991950.0
NVDA.US,2023-08-25,470.12,478.05,450.24,460.18,92534052,42652962541.0
NVDA.US,2023-08-28,464.82,469.8,448.88,468.35,68519223,31620774528.0
NVDA.US,2023-08-29,466.66,490.81,463.91,487.84,70139699,33907257950.0
NVDA.US,2023-08-30,490.44,499.27,484.25,492.64,73520598,36252611580.0
NVDA.US,2023-08-31,493.8,497.44,489.58,493.55,52856977,26131021742.0
NVDA.US,2023-09-01,497.62,498.0,481.416,485.09,46383030,22578898464.0
NVDA.US,2023-09-05,482.23,488.508,478.6,485.48,38265258,18541548236.0
NVDA.US,2023-09-06,484.41,485.49,465.8,470.61,46866957,22095981189.0
NVDA.US,2023-09-07,455.25,463.44,451.52,462.41,43332989,19859044770.0
NVDA.US,2023-09-08,459.42,466.06,452.71,455.72,47389994,21688882097.0
NVDA.US,2023-09-11,461.48,461.63,443.12,451.78,47396555,21299086353.0
NVDA.US,2023-09-12,447.38,456.73,445.31,448.7,34925634,15777953152.0
NVDA.US,2023-09-13,446.0,459.3,445.03,454.85,39835535,18090159919.0
NVDA.US,2023-09-14,459.5,459.87,451.31,455.81,37009720,16867570354.0
NVDA.US,2023-09-15,453.41,455.99,438.08,439.0,50683051,22460985173.0
NVDA.US,2023-09-18,427.48,442.42,420.0,439.66,50027079,21802059047.0
NVDA.US,2023-09-19,438.33,439.66,430.02,435.2,37306424,16211669793.0
NVDA.US,2023-09-20,436.0,439.03,422.23,422.39,36710769,15833667437.0
NVDA.US,2023-09-21,415.83,421.0,409.8,410.17,45073596,18674392647.0
NVDA.US,2023-09-22,415.72,421.15,412.31,416.1,47923631,19991574125.0
NVDA.US,2023-09-25,415.91,425.36,411.77,422.22,41909096,17642546803.0
NVDA.US,2023-09-26,420.01,428.2,416.55,419.11,40228209,16954513309.0
NVDA.US,2023-09-27,423.3,428.72,416.29,424.68,44493520,18794748858.0
NVDA.US,2023-09-28,424.6,434.463,421.15,430.89,42466279,18234861943.0
NVDA.US,2023-09-29,438.27,441.44,433.069,434.99,39782993,17386653139.0
NVDA.US,2023-10-02,440.3,451.75,438.61,447.82,43329821,19348145730.0
NVDA.US,2023-10-03,448.08,451.3,432.46,435.17,47084954,20723983493.0
NVDA.US,2023-10-04,437.42,441.43,432.92,440.41,36182086,15846658863.0
NVDA.US,2023-10-05,440.5,449.0,438.88,446.88,39348309,17492317563.0
NVDA.US,2023-10-06,441.93,457.89,440.26,457.62,43443602,19608252447.0
NVDA.US,2023-10-09,448.42,456.05,443.68,452.73,40967472,18417637547.0
NVDA.US,2023-10-10,453.1,462.59,450.88,457.98,36858208,16884130938.0
NVDA.US,2023-10-11,461.96,468.59,460.5,468.06,37813689,17561053003.0
NVDA.US,2023-10-12,467.77,476.09,463.3,469.45,48132500,22659773642.0
NVDA.US,2023-10-13,469.6,471.16,452.8,454.61,47542599,21868147613.0
NVDA.US,2023-10-16,450.63,462.25,449.12,460.95,37509924,17190491829.0
NVDA.US,2023-10-17,440.0,447.54,424.8,439.38,81233267,35638352551.0
NVDA.US,2023-10-18,425.91,432.19,418.25,421.96,62729434,26606013356.0
NVDA.US,2023-10-19,428.11,432.97,418.82,421.01,50123308,21333703586.0
NVDA.US,2023-10-20,418.9,424.7,410.78,413.87,47726605,19861449807.0
NVDA.US,2023-10-23,412.29,432.48,409.45,429.75,47853049,20320573625.0
NVDA.US,2023-10-24,430.77,436.97,426.91,436.63,40146337,17349208927.0
NVDA.US,2023-10-25,433.98,436.5,415.55,417.79,39837922,16888935341.0
NVDA.US,2023-10-26,418.53,422.556,398.802,403.26,54100132,22018937910.0
NVDA.US,2023-10-27,411.3,412.06,400.15,405.0,41678441,16912700321.0
NVDA.US,2023-10-30,410.87,417.66,404.81,411.61,38802814,15941558675.0
NVDA.US,2023-10-31,404.5,408.79,392.3,407.8,51796870,20813815884.0
NVDA.US,2023-11-01,408.84,423.81,408.69,423.25,43759290,18278360107.0
NVDA.US,2023-11-02,433.28,438.84,428.94,435.06,40917187,17746756689.0
NVDA.US,2023-11-03,440.2,453.09,437.23,450.05,42460959,18949271954.0
NVDA.US,2023-11-06,452.845,459.35,448.99,457.51,40073335,18235096080.0
NVDA.US,2023-11-07,457.19,462.18,451.575,459.55,34316547,15748217059.0
NVDA.US,2023-11-08,461.0,468.67,459.68,465.74,34671894,16104886353.0
NVDA.US,2023-11-09,474.67,482.3,467.5,469.5,54049597,25671508716.0
NVDA.US,2023-11-10,475.0,484.72,472.83,483.35,42244156,20268109552.0
NVDA.US,2023-11-13,483.2,491.16,480.99,486.2,38413570,18717156929.0
NVDA.US,2023-11-14,496.8,498.34,490.4,496.56,41695387,20652642148.0
NVDA.US,2023-11-15,499.35,499.6,482.0,488.88,47549735,23300751970.0
NVDA.US,2023-11-16,486.79,495.247,483.3,494.8,33975624,16640581585.0
NVDA.US,2023-11-17,495.24,497.17,490.07,492.98,32589691,16089209969.0
NVDA.US,2023-11-20,493.12,505.48,491.81,504.09,41614260,20789200872.0
NVDA.US,2023-11-21,501.26,505.17,492.22,499.44,56574687,28159410707.0
NVDA.US,2023-11-22,498.52,503.349,476.9,487.16,90064233,43956017882.0
NVDA.US,2023-11-24,484.7,489.21,477.45,477.76,29464464,14188128251.0
NVDA.US,2023-11-27,478.0,485.3,476.52,482.42,39566190,19064534828.0
NVDA.US,2023-11-28,482.36,483.229,474.73,478.21,40149085,19198222302.0
NVDA.US,2023-11-29,483.79,487.62,478.6,481.4,38200465,18428289685.0
NVDA.US,2023-11-30,480.24,481.1,464.22,467.7,52624663,24716435355.0
NVDA.US,2023-12-01,465.25,472.0,461.87,467.65,36931701,17263620912.0
NVDA.US,2023-12-04,460.77,460.77,450.1,455.1,43754344,19880383922.0
NVDA.US,2023-12-05,454.66,466.0,452.71,465.66,37171762,17156816500.0
NVDA.US,2023-12-06,472.145,473.87,454.12,455.03,38058955,17596915876.0
NVDA.US,2023-12-07,457.0,466.29,456.04,465.96,35082255,16233774825.0
NVDA.US,2023-12-08,465.95,477.409,465.5,475.06,35922370,17024570502.0
NVDA.US,2023-12-11,474.91,475.31,458.3,466.27,50972809,23718960295.0
NVDA.US,2023-12-12,460.46,476.66,460.46,476.57,37238686,17555968305.0
NVDA.US,2023-12-13,476.29,485.94,476.08,480.88,44779186,21573809689.0
NVDA.US,2023-12-14,483.9,486.7,474.22,483.5,39123174,18829631311.0
NVDA.US,2023-12-15,481.94,494.04,481.2,488.9,47994758,23488985018.0
NVDA.US,2023-12-18,494.0,504.33,491.5,500.77,41258717,20587107207.0
NVDA.US,2023-12-19,494.24,497.0,488.95,496.04,46444446,22903980456.0
NVDA.US,2023-12-20,496.55,499.99,480.98,481.11,39789439,19568384395.0
NVDA.US,2023-12-21,488.11,490.95,484.19,489.9,30042535,14643995406.0
NVDA.US,2023-12-22,491.95,493.83,484.67,488.3,25250676,12367445827.0
NVDA.US,2023-12-26,489.68,496.0,489.6,492.79,24419952,12052912163.0
NVDA.US,2023-12-27,495.11,496.8,490.85,494.17,23364798,11532553719.0
NVDA.US,2023-12-28,496.43,498.84,494.12,495.22,24658748,12241180112.0
NVDA.US,2023-12-29,498.13,499.97,487.51,495.22,38929330,19277711701.0
NVDA.US,2024-01-02,492.44,492.95,475.95,481.68,41125422,19767427708.0
NVDA.US,2024-01-03,474.85,481.841,473.2,475.69,32089617,15296377674.0
NVDA.US,2024-01-04,477.67,485.0,475.08,479.98,30653489,14741175919.0
NVDA.US,2024-01-05,484.62,495.47,483.06,490.97,41503927,20345014942.0
NVDA.US,2024-01-08,495.12,522.75,494.79,522.53,64250990,32984821330.0
NVDA.US,2024-01-09,524.01,543.25,516.9,531.4,77310006,41063650549.0
NVDA.US,2024-01-10,536.16,546.0,534.89,543.5,53379576,28912469124.0
NVDA.US,2024-01-11,549.99,553.46,535.6,548.22,59675877,32582872682.0
NVDA.US,2024-01-12,546.2,549.7,543.301,547.1,35299360,19298423549.0
NVDA.US,2024-01-16,550.18,568.35,549.0,563.82,44957973,25231270323.0
NVDA.US,2024-01-17,563.47,564.707,547.4,560.53,47439444,26410306124.0
NVDA.US,2024-01-18,572.6,576.0,561.07,571.07,49165036,28063074999.0
NVDA.US,2024-01-19,579.89,595.0,572.25,594.91,54350148,31817080805.0
NVDA.US,2024-01-22,600.49,603.31,590.7,596.54,45295463,27076151189.0
NVDA.US,2024-01-23,595.7,599.1,585.85,598.73,29465445,17523845217.0
NVDA.US,2024-01-24,603.04,628.49,599.38,613.62,56027076,34578570189.0
NVDA.US,2024-01-25,623.5,627.19,608.5,616.17,48277684,29886375959.0
NVDA.US,2024-01-26,609.6,617.83,605.73,610.31,39030859,23867997157.0
NVDA.US,2024-01-29,612.32,624.89,609.07,624.65,34873298,21574204502.0
NVDA.US,2024-01-30,629.0,634.93,622.6,627.74,41073530,25818632752.0
NVDA.US,2024-01-31,614.4,622.69,607.0,615.27,45379487,27913264972.0
NVDA.US,2024-02-01,621.0,631.91,616.5,630.27,36914579,23061179999.0
NVDA.US,2024-02-02,639.74,666.0,636.9,661.6,47657765,31264844828.0
NVDA.US,2024-02-05,682.25,694.97,672.05,693.32,68007801,46694598218.0
NVDA.US,2024-02-06,696.3,697.54,663.0,682.23,68311136,46347352716.0
NVDA.US,2024-02-07,683.19,702.2,676.0,700.99,49557455,34326764232.0
NVDA.US,2024-02-08,700.74,707.94,694.55,696.41,41442211,29047077613.0
NVDA.US,2024-02-09,705.33,721.85,702.12,721.33,43663689,31200562221.0
NVDA.US,2024-02-12,726.0,746.11,712.5,722.48,61371018,44727826142.0
NVDA.US,2024-02-13,704.0,734.5,696.2,721.28,60258015,43365874162.0
NVDA.US,2024-02-14,732.02,742.36,719.38,739.0,50491742,36983253469.0
NVDA.US,2024-02-15,738.69,739.75,724.0,726.58,42012181,30681234798.0
NVDA.US,2024-02-16,741.0,744.02,725.01,726.13,49532662,36370936661.0
NVDA.US,2024-02-20,719.47,719.56,677.34,694.52,70483310,48671378170.0
NVDA.US,2024-02-21,680.06,688.88,662.48,674.72,69029813,47182539886.0
NVDA.US,2024-02-22,750.25,785.75,742.2,785.38,86509974,66858110414.0
NVDA.US,2024-02-23,807.9,823.94,775.7,788.17,82938837,66264397613.0
NVDA.US,2024-02-26,797.0,806.46,785.05,790.92,50397273,40095259031.0
NVDA.US,2024-02-27,793.81,794.8,771.62,787.01,39170524,30852889884.0
NVDA.US,2024-02-28,776.2,789.33,771.25,776.63,39311040,30646038250.0
NVDA.US,2024-02-29,790.94,799.9,783.5,791.12,50728898,40205911653.0
NVDA.US,2024-03-01,800.0,823.0,794.35,822.79,47913510,38986376108.0
NVDA.US,2024-03-04,841.3,876.95,837.19,852.37,61561645,52771306181.0
NVDA.US,2024-03-05,852.7,860.97,834.17,859.64,52063930,44245697188.0
NVDA.US,2024-03-06,880.22,897.24,870.3,887.0,58252030,51525249382.0
NVDA.US,2024-03-07,901.58,927.67,896.02,926.69,60811916,55714139935.0
NVDA.US,2024-03-08,951.379,974.0,865.06,875.28,114226906,104021402593.0
NVDA.US,2024-03-11,864.29,887.97,841.66,857.74,67836412,58780440906.0
NVDA.US,2024-03-12,880.49,919.6,861.501,919.13,66807515,59936578893.0
NVDA.US,2024-03-13,910.55,915.04,884.35,908.88,63571289,57188202194.0
NVDA.US,2024-03-14,895.77,906.46,866.0,879.44,60231816,53053803350.0
NVDA.US,2024-03-15,869.3,895.46,862.57,878.365,64208616,56658312077.0
NVDA.US,2024-03-18,903.88,924.05,870.85,884.55,66897593,59770102088.0
NVDA.US,2024-03-19,867.0,905.44,850.1,893.98,67217127,59057331975.0
NVDA.US,2024-03-20,897.97,904.1,882.23,903.72,47906279,42819980470.0
NVDA.US,2024-03-21,923.0,926.48,904.05,914.35,48037231,44056357083.0
NVDA.US,2024-03-22,911.41,947.78,908.34,942.89,58671936,54868880676.0
NVDA.US,2024-03-25,939.41,967.66,935.1,950.02,55213608,52700342698.0
NVDA.US,2024-03-26,958.51,963.75,925.02,925.61,51364758,48515331564.0
NVDA.US,2024-03-27,931.12,932.4,891.23,902.5,58606723,52936168090.0
NVDA.US,2024-03-28,900.0,913.0,891.93,903.56,43521227,39386864917.0
NVDA.US,2024-04-01,902.99,922.25,892.04,903.63,45244149,40952405243.0
NVDA.US,2024-04-02,884.48,900.94,876.2,894.52,43306355,38525726884.0
NVDA.US,2024-04-03,884.84,903.74,884.0,889.64,37006655,33137733289.0
NVDA.US,2024-04-04,904.06,906.34,858.8,859.05,43496492,38429115043.0
NVDA.US,2024-04-05,868.66,884.81,859.26,880.08,39967846,35005509750.0
NVDA.US,2024-04-08,887.0,888.3,867.32,871.33,28322000,24761289839.0
NVDA.US,2024-04-09,874.42,876.35,830.22,853.54,50354735,42709611852.0
NVDA.US,2024-04-10,839.26,874.0,837.09,870.39,43192853,37307369824.0
NVDA.US,2024-04-11,874.2,907.39,869.26,906.16,43163727,38458091298.0
NVDA.US,2024-04-12,896.99,901.75,875.3,881.86,42680479,37873440500.0
NVDA.US,2024-04-15,890.98,906.13,859.29,860.01,44307695,39044193614.0
NVDA.US,2024-04-16,864.325,881.18,860.639,874.15,37045302,32327509822.0
NVDA.US,2024-04-17,883.4,887.75,839.5,840.35,49539951,42450604294.0
NVDA.US,2024-04-18,849.7,861.9,824.02,846.71,44726034,37911005759.0
NVDA.US,2024-04-19,831.5,843.24,756.06,762.0,87519800,69697834116.0
NVDA.US,2024-04-22,781.04,800.73,764.0,795.18,59634051,46877076049.0
NVDA.US,2024-04-23,807.69,827.69,802.64,824.23,43855937,35929288246.0
NVDA.US,2024-04-24,839.5,840.82,791.83,796.77,51220753,41654349876.0
NVDA.US,2024-04-25,788.68,833.23,782.23,826.32,42464073,34702736876.0
NVDA.US,2024-04-26,838.18,883.309,833.87,877.35,55101078,47737382235.0
NVDA.US,2024-04-29,875.95,879.92,852.66,877.57,38897076,33862296004.0
NVDA.US,2024-04-30,872.4,888.19,863.0,864.02,36370870,31721378479.0
NVDA.US,2024-05-01,850.77,860.0,812.546,830.41,55986317,46774993629.0
NVDA.US,2024-05-02,844.49,862.37,832.0,858.17,37789754,32117972001.0
NVDA.US,2024-05-03,877.89,892.81,870.4,887.89,39834072,35189232774.0
NVDA.US,2024-05-06,893.9,922.2,890.55,921.4,37620255,34369427863.0
NVDA.US,2024-05-07,910.98,917.81,890.11,905.54,43734161,39609338960.0
NVDA.US,2024-05-08,894.825,911.94,894.2,904.12,32572102,29417331512.0
NVDA.US,2024-05-09,905.29,910.72,882.31,887.47,37801268,33680531092.0
NVDA.US,2024-05-10,903.045,914.01,892.27,898.78,33532541,30196687476.0
NVDA.US,2024-05-13,904.78,909.98,885.29,903.99,28968017,26107982597.0
NVDA.US,2024-05-14,895.99,916.51,889.34,913.56,29650708,26893381118.0
NVDA.US,2024-05-15,924.72,948.62,915.99,946.3,41773545,39224137749.0
NVDA.US,2024-05-16,949.1,958.19,941.03,943.59,32395182,30755494772.0
NVDA.US,2024-05-17,943.69,947.4,918.06,924.79,35969103,33506245441.0
NVDA.US,2024-05-20,937.5,952.0,934.4,947.8,31876446,30177040884.0
NVDA.US,2024-05-21,935.99,954.0,931.8,953.86,32894646,31108767280.0
NVDA.US,2024-05-22,954.59,960.2,932.49,949.5,54864799,52462075673.0
NVDA.US,2024-05-23,1020.28,1063.2,1015.2,1037.99,83506528,86714693902.0
NVDA.US,2024-05-24,1044.49,1064.75,1030.0,1064.69,42949367,45051090401.0
NVDA.US,2024-05-28,1102.44,1149.39,1098.83,1139.01,65272789,73517301211.0
NVDA.US,2024-05-29,1130.5,1154.92,1109.01,1148.25,55744193,63493914397.0
NVDA.US,2024-05-30,1146.5,1158.192,1096.63,1105.0,48735033,55110311180.0
NVDA.US,2024-05-31,1125.2,1127.17,1069.4,1096.33,61326250,67198770298.0
NVDA.US,2024-06-03,1136.21,1150.0,1120.03,1150.0,43839176,49831326753.0
NVDA.US,2024-06-04,1157.16,1166.0,1140.45,1164.37,40332401,46502247645.0
NVDA.US,2024-06-05,1183.71,1224.495,1174.68,1224.4,52840178,63630682344.0
NVDA.US,2024-06-06,1240.48,1255.87,1183.2,1209.98,66469619,80513280766.0
NVDA.US,2024-06-07,1197.7,1216.917,1180.22,1208.88,41238580,49503884940.0
NVDA.US,2024-06-10,120.37,123.1,117.01,121.79,314162650,38054341710.0
NVDA.US,2024-06-11,121.77,122.87,118.74,120.91,222551158,26892764617.0
NVDA.US,2024-06-12,123.06,126.88,122.57,125.2,299595001,37500462371.0
NVDA.US,2024-06-13,129.39,129.8,127.16,129.61,260704537,33580657520.0
NVDA.US,2024-06-14,129.96,132.84,128.32,131.88,309320376,40583694033.0
NVDA.US,2024-06-17,132.99,133.73,129.58,130.98,288504444,37998890521.0
NVDA.US,2024-06-18,131.14,136.33,130.69,135.58,294335054,39526235949.0
NVDA.US,2024-06-20,139.8,140.76,129.52,130.78,517768425,69892457527.0
NVDA.US,2024-06-21,127.12,130.63,124.3,126.57,655484664,83233903413.0
NVDA.US,2024-06-24,123.24,124.46,118.04,118.11,476060866,57310920520.0
NVDA.US,2024-06-25,121.2,126.5,119.32,126.09,425787456,52638677983.0
NVDA.US,2024-06-26,126.13,128.12,122.6,126.4,362975918,45401906257.0
NVDA.US,2024-06-27,124.1,126.41,122.92,123.99,252571693,31393852371.0
NVDA.US,2024-06-28,124.58,127.71,122.75,123.54,315516740,39370341375.0
NVDA.US,2024-07-01,123.47,124.84,118.83,124.3,284885534,34962899110.0
NVDA.US,2024-07-02,121.13,123.41,121.03,122.67,218373969,26704387042.0
NVDA.US,2024-07-03,121.66,128.28,121.36,128.28,215748955,27018562967.0
NVDA.US,2024-07-05,127.38,128.85,125.68,125.83,214176689,27202242679.0
NVDA.US,2024-07-08,127.49,130.77,127.04,128.2,237677322,30560991643.0
NVDA.US,2024-07-09,130.35,133.82,128.65,131.38,287020820,37708289910.0
NVDA.US,2024-07-10,134.03,135.1,132.42,134.91,248978569,33418335043.0
NVDA.US,2024-07-11,135.75,136.15,127.05,127.4,374782738,48770393328.0
NVDA.US,2024-07-12,128.26,131.92,127.22,129.24,252680535,32816686493.0
NVDA.US,2024-07-15,130.56,131.39,127.18,128.44,208326164,26843087379.0
NVDA.US,2024-07-16,128.44,129.04,124.58,126.36,214769515,27122868306.0
NVDA.US,2024-07-17,121.35,121.85,116.72,117.99,390086189,46431467990.0
NVDA.US,2024-07-18,121.85,122.4,116.56,121.09,320979530,38465431620.0
NVDA.US,2024-07-19,120.35,121.6,117.37,117.93,217223800,25850459428.0
NVDA.US,2024-07-22,120.35,124.07,119.86,123.54,258068943,31596222760.0
NVDA.US,2024-07-23,122.78,124.69,122.1,122.59,173910983,21427927183.0
NVDA.US,2024-07-24,119.17,119.95,113.44,114.25,327776884,38148876588.0
NVDA.US,2024-07-25,113.04,116.63,106.3,112.28,460067019,51867011254.0
NVDA.US,2024-07-26,116.19,116.2,111.58,113.06,293399073,33305804946.0
NVDA.US,2024-07-29,113.69,116.28,111.3,111.59,248152068,28079943292.0
NVDA.US,2024-07-30,111.52,111.99,102.54,103.73,486833274,51528262432.0
NVDA.US,2024-07-31,112.9,118.34,110.88,117.02,473174182,54603903354.0
NVDA.US,2024-08-01,117.53,120.16,106.81,109.21,523462326,58671919644.0
NVDA.US,2024-08-02,103.76,108.72,101.37,107.27,482027464,50832147244.0
NVDA.US,2024-08-05,92.06,103.41,90.69,100.45,552842375,54739609456.0
NVDA.US,2024-08-06,103.84,107.71,100.55,104.25,409012089,42911328143.0
NVDA.US,2024-08-07,107.81,108.8,98.69,98.91,411440423,42345664951.0
NVDA.US,2024-08-08,102.0,105.5,97.52,104.97,391910023,40306268870.0
NVDA.US,2024-08-09,105.64,106.6,103.43,104.75,290844157,30508403089.0
NVDA.US,2024-08-12,106.32,111.07,106.26,109.02,325559870,35531700158.0
NVDA.US,2024-08-13,112.44,116.23,111.58,116.14,312646660,35808816226.0
NVDA.US,2024-08-14,118.53,118.6,114.07,118.08,339246407,39651749768.0
NVDA.US,2024-08-15,118.76,123.24,117.47,122.86,318086673,38628378165.0
NVDA.US,2024-08-16,121.94,125.0,121.18,124.58,302589872,37426508383.0
NVDA.US,2024-08-19,124.28,130.0,123.42,130.0,318333577,40458450350.0
NVDA.US,2024-08-20,128.4,129.88,125.89,127.25,300087415,38355143502.0
NVDA.US,2024-08-21,127.315,129.35,126.66,128.5,257883572,33039895297.0
NVDA.US,2024-08-22,130.02,130.75,123.1,123.74,376189076,47513570361.0
NVDA.US,2024-08-23,125.86,129.6,125.22,129.37,323230332,41420658914.0
NVDA.US,2024-08-26,129.57,131.26,124.37,126.46,331964672,42243927090.0
NVDA.US,2024-08-27,125.05,129.2,123.88,128.3,303134573,38684978583.0
NVDA.US,2024-08-28,128.12,128.33,122.64,125.61,448101115,55857241814.0
NVDA.US,2024-08-29,121.355,124.43,116.71,117.59,453023305,54546225560.0
NVDA.US,2024-08-30,119.53,121.75,117.22,119.37,333751583,39761132432.0
NVDA.US,2024-09-03,116.01,116.21,107.29,108.0,477155100,52645957040.0
NVDA.US,2024-09-04,105.41,113.27,104.12,106.21,372470291,39967324218.0
NVDA.US,2024-09-05,104.985,109.65,104.76,107.21,306850696,32957383738.0
NVDA.US,2024-09-06,108.04,108.15,100.95,102.83,413638098,42756643094.0
NVDA.US,2024-09-09,104.88,106.55,103.69,106.47,273912015,28880463237.0
NVDA.US,2024-09-10,107.81,109.4,104.95,108.1,268283736,28720843523.0
NVDA.US,2024-09-11,109.39,117.19,107.42,116.91,441422370,49697852198.0
NVDA.US,2024-09-12,116.84,120.79,115.38,119.14,367100496,43649796017.0
NVDA.US,2024-09-13,119.08,119.955,117.6,119.1,238358328,28364828323.0
NVDA.US,2024-09-16,116.79,118.18,114.36,116.78,248772308,28993550649.0
NVDA.US,2024-09-17,118.17,118.8,114.83,115.59,231925876,27030443899.0
NVDA.US,2024-09-18,115.89,117.7,113.22,113.37,310318937,35693435813.0
NVDA.US,2024-09-19,117.35,119.66,117.25,117.87,293506438,34788265764.0
NVDA.US,2024-09-20,117.06,118.618,115.39,116.0,382462428,44521213479.0
NVDA.US,2024-09-23,116.55,116.99,114.86,116.26,206228490,23922288322.0
NVDA.US,2024-09-24,116.515,121.8,115.38,120.87,354966772,42458691253.0
NVDA.US,2024-09-25,122.02,124.94,121.61,123.51,284692948,35179857022.0
NVDA.US,2024-09-26,126.8,127.665,121.8,124.04,302582868,37688913285.0
NVDA.US,2024-09-27,123.97,124.03,119.26,121.4,271009175,32832575818.0
NVDA.US,2024-09-30,118.31,121.5,118.15,121.44,227053651,27324391829.0
NVDA.US,2024-10-01,121.765,122.435,115.79,117.0,302094485,35607211191.0
NVDA.US,2024-10-02,116.44,119.38,115.14,118.85,221845887,26228168182.0
NVDA.US,2024-10-03,120.92,124.36,120.34,122.85,277117973,33981209613.0
NVDA.US,2024-10-04,124.94,125.04,121.83,124.92,244465552,30311602462.0
NVDA.US,2024-10-07,124.99,130.64,124.95,127.72,346250233,44367640637.0
NVDA.US,2024-10-08,130.26,133.48,129.42,132.89,285722485,37693003259.0
NVDA.US,2024-10-09,134.11,134.52,131.38,132.65,246191612,32684650395.0
NVDA.US,2024-10-10,131.91,135.0,131.0,134.81,242311337,32448014890.0
NVDA.US,2024-10-11,134.01,135.78,133.66,134.8,170209474,22953557380.0
NVDA.US,2024-10-14,136.47,139.6,136.3,138.07,232347668,32146958612.0
NVDA.US,2024-10-15,137.87,138.57,128.74,131.6,377831021,50036060479.0
NVDA.US,2024-10-16,133.98,136.62,131.58,135.72,264879720,35620809675.0
NVDA.US,2024-10-17,139.34,140.89,136.87,136.93,306435921,42580777250.0
NVDA.US,2024-10-18,138.665,138.9,137.28,138.0,176090184,24318197321.0
NVDA.US,2024-10-21,138.13,143.71,138.0,143.71,264554514,37433758792.0
NVDA.US,2024-10-22,142.91,144.42,141.78,143.59,226311589,32433822366.0
NVDA.US,2024-10-23,142.03,142.43,137.46,139.56,285930038,39945391865.0
NVDA.US,2024-10-24,140.82,141.35,138.46,140.41,172354888,24130195938.0
NVDA.US,2024-10-25,140.93,144.13,140.8,141.54,205122109,29240012393.0
NVDA.US,2024-10-28,143.0,143.14,140.05,140.52,173586745,24502264382.0
NVDA.US,2024-10-29,140.285,142.26,138.9,141.25,157593634,22220623481.0
NVDA.US,2024-10-30,139.54,140.33,136.81,139.335,179418082,24993494032.0
NVDA.US,2024-10-31,137.6,137.61,132.111,132.76,270039641,36104885183.0
NVDA.US,2024-11-01,134.7,137.31,134.57,135.4,207127838,28172622713.0
NVDA.US,2024-11-04,137.21,138.96,135.57,136.05,187528173,25763972260.0
NVDA.US,2024-11-05,137.45,140.37,137.33,139.91,160537373,22366604097.0
NVDA.US,2024-11-06,142.96,146.49,141.96,145.61,242043945,35003784003.0
NVDA.US,2024-11-07,146.39,148.93,146.17,148.88,207323303,30689785829.0
NVDA.US,2024-11-08,148.77,149.77,146.26,147.63,175665830,25946037927.0
NVDA.US,2024-11-11,148.68,148.85,143.57,145.26,182325620,26539605951.0
NVDA.US,2024-11-12,146.78,149.65,146.01,148.29,198634738,29395340065.0
NVDA.US,2024-11-13,149.07,149.33,145.9,146.27,191903267,28230410344.0
NVDA.US,2024-11-14,147.64,149.0,145.55,146.76,194463301,28646397180.0
NVDA.US,2024-11-15,144.87,145.24,140.08,141.98,250132869,35605623504.0
NVDA.US,2024-11-18,139.5,141.55,137.15,140.15,221865993,30988798713.0
NVDA.US,2024-11-19,141.32,147.13,140.99,147.01,227834912,32948765867.0
NVDA.US,2024-11-20,147.41,147.56,142.73,145.89,309871654,44845665962.0
NVDA.US,2024-11-21,149.35,152.89,140.7,146.67,400946570,58526455609.0
NVDA.US,2024-11-22,145.93,147.16,141.1,141.95,236406154,33777794410.0
NVDA.US,2024-11-25,141.99,142.05,135.82,136.02,344941875,47346029562.0
NVDA.US,2024-11-26,137.7,139.3,135.67,136.92,190287654,26072684526.0
NVDA.US,2024-11-27,135.01,137.22,131.8,135.34,226370912,30281227617.0
NVDA.US,2024-11-29,136.78,139.35,136.05,138.25,141863156,19599017187.0
NVDA.US,2024-12-02,138.83,140.45,137.825,138.63,171682777,23843305457.0
NVDA.US,2024-12-03,138.26,140.54,137.95,140.26,164413965,22921658662.0
NVDA.US,2024-12-04,141.995,145.79,140.29,145.14,231224295,33237833365.0
NVDA.US,2024-12-05,145.11,146.54,143.95,145.06,172621180,25071824420.0
NVDA.US,2024-12-06,144.6,145.7,141.31,142.44,188505573,26977501215.0
NVDA.US,2024-12-09,138.97,139.95,137.13,138.81,189308625,26281716890.0
NVDA.US,2024-12-10,139.01,141.82,133.79,135.07,210020888,28772933553.0
NVDA.US,2024-12-11,137.36,140.17,135.21,139.31,184905192,25556546764.0
NVDA.US,2024-12-12,137.08,138.44,135.8,137.34,159211393,21859701754.0
NVDA.US,2024-12-13,138.94,139.6,132.54,134.25,231514881,31250503591.0
NVDA.US,2024-12-16,134.18,134.4,130.42,132.0,237951130,31360862048.0
NVDA.US,2024-12-17,129.09,131.59,126.86,130.39,259410263,33546939636.0
NVDA.US,2024-12-18,133.86,136.7,128.28,128.91,277444533,36878592770.0
NVDA.US,2024-12-19,131.76,134.03,129.55,130.68,209719210,27569565145.0
NVDA.US,2024-12-20,129.81,135.28,128.22,134.7,312484738,41650568880.824
NVDA.US,2024-12-23,136.28,139.79,135.12,139.67,176053506,24298926519.0
NVDA.US,2024-12-24,140.0,141.9,138.65,140.22,105156989,14794495649.0
NVDA.US,2024-12-26,139.7,140.85,137.73,139.93,116519090,16265340189.0
NVDA.US,2024-12-27,138.55,139.02,134.71,137.01,170582603,23274067554.0
NVDA.US,2024-12-30,134.83,140.27,134.02,137.49,167734700,23139214178.0
NVDA.US,2024-12-31,138.03,138.07,133.83,134.29,155659211,21089835832.0
NVDA.US,2025-01-02,136.0,138.88,134.63,138.31,198247166,27197965422.0
NVDA.US,2025-01-03,140.01,144.9,139.73,144.47,229322478,32905011935.0
NVDA.US,2025-01-06,148.59,152.156,147.82,149.43,265377359,39867958365.0
NVDA.US,2025-01-07,153.03,153.13,140.01,140.14,351782174,50595651563.0
NVDA.US,2025-01-08,142.58,143.95,137.56,140.11,227349948,31977685121.0
NVDA.US,2025-01-10,137.45,139.92,134.22,135.91,207602514,28214691682.0
NVDA.US,2025-01-13,129.99,133.49,129.51,133.23,204808914,27028255346.0
NVDA.US,2025-01-14,136.05,136.38,130.05,131.76,195590485,25873695988.0
NVDA.US,2025-01-15,133.65,136.45,131.29,136.24,185217338,24967524392.0
NVDA.US,2025-01-16,138.64,138.75,133.49,133.57,209235583,28389447926.0
NVDA.US,2025-01-17,136.69,138.5,135.465,137.71,201188760,27645944101.0
NVDA.US,2025-01-21,139.16,141.83,137.09,140.83,197748985,27711657243.0
NVDA.US,2025-01-22,144.66,147.79,143.67,147.07,237651395,34827284839.0
NVDA.US,2025-01-23,145.05,147.23,143.72,147.22,155915549,22740119415.0
NVDA.US,2025-01-24,148.37,148.97,141.88,142.62,234657635,33890647750.0
NVDA.US,2025-01-27,124.8,128.4,116.7,118.42,818830895,99438479249.0
NVDA.US,2025-01-28,121.81,129.0,116.25,128.99,579666350,71717083948.0
NVDA.US,2025-01-29,126.5,126.89,120.05,123.7,467120640,57625586592.0
NVDA.US,2025-01-30,123.1,125.0,118.1,124.65,392925469,47761445379.0
NVDA.US,2025-01-31,123.78,127.85,119.19,120.07,390372899,48202793757.0
NVDA.US,2025-02-03,114.75,118.57,113.01,116.66,371235677,43101198359.0
NVDA.US,2025-02-04,116.96,121.2,116.7,118.65,256550040,30534386254.0
NVDA.US,2025-02-05,121.76,125.0,120.76,124.83,263110629,32383674634.0
NVDA.US,2025-02-06,127.42,128.77,125.21,128.68,251483574,32026374672.0
NVDA.US,2025-02-07,129.22,130.37,125.0,129.84,228186298,29451645351.0
NVDA.US,2025-02-10,130.09,135.0,129.96,133.57,216989086,28996785059.0
NVDA.US,2025-02-11,132.58,134.48,131.02,132.8,178902379,23816245051.0
NVDA.US,2025-02-12,130.02,132.24,129.08,131.14,160278552,21021762711.0
NVDA.US,2025-02-13,131.555,136.5,131.17,135.29,197429975,26589269797.0
NVDA.US,2025-02-14,136.48,139.25,135.5,138.85,195479557,26890030314.0
NVDA.US,2025-02-18,141.27,143.44,137.925,139.4,219176627,30774048095.0
NVDA.US,2025-02-19,139.51,141.36,137.22,139.23,167536006,23398622311.0
NVDA.US,2025-02-20,140.03,140.66,136.79,140.11,143903583,20025364438.0
NVDA.US,2025-02-21,140.04,141.46,134.03,134.43,228217585,31324213930.0
NVDA.US,2025-02-24,136.56,138.59,130.08,130.28,251381137,33521489427.0
NVDA.US,2025-02-25,129.98,130.2,124.44,126.63,271428711,34620121521.0
NVDA.US,2025-02-26,129.985,133.73,128.49,131.28,322553814,42300397768.0
NVDA.US,2025-02-27,135.0,135.01,120.01,120.15,443175846,55812125747.0
NVDA.US,2025-02-28,118.02,125.09,116.4,124.92,389091145,47246222250.0
NVDA.US,2025-03-03,123.51,123.7,112.28,114.06,411381373,48086043316.0
NVDA.US,2025-03-04,110.645,119.31,110.11,115.99,398163305,45599642747.0
NVDA.US,2025-03-05,117.58,118.278,114.51,117.3,284337886,33156310769.0
NVDA.US,2025-03-06,113.53,115.35,110.22,110.57,321181861,36063364572.0
NVDA.US,2025-03-07,111.25,113.48,107.56,112.69,341755468,37942440389.0
NVDA.US,2025-03-10,109.9,111.85,105.46,106.98,366487363,39450859457.0
NVDA.US,2025-03-11,106.99,112.236,104.77,108.76,354865692,38657733246.0
NVDA.US,2025-03-12,114.12,116.76,112.88,115.74,323857454,37286218779.0
NVDA.US,2025-03-13,117.03,117.76,113.79,115.58,299033131,34694009988.0
NVDA.US,2025-03-14,118.61,121.88,118.15,121.67,277593455,33452764550.0
NVDA.US,2025-03-17,122.74,122.89,118.03,119.53,255501481,30694788916.0
NVDA.US,2025-03-18,118.0,119.02,114.54,115.43,299686944,34903747986.0
NVDA.US,2025-03-19,117.27,120.445,115.68,117.52,273426225,32223746141.0
NVDA.US,2025-03-20,116.55,120.2,116.47,118.53,248829749,29521049801.0
NVDA.US,2025-03-21,116.94,117.99,115.42,117.7,266498528,31202300283.0
NVDA.US,2025-03-24,119.88,122.22,119.34,121.41,228452534,27691485001.0
NVDA.US,2025-03-25,120.545,121.29,118.92,120.69,167447198,20153252810.0
NVDA.US,2025-03-26,118.73,118.84,112.71,113.76,296431667,34015731553.0
NVDA.US,2025-03-27,111.35,114.45,110.66,111.43,236902055,26598251676.0
NVDA.US,2025-03-28,111.485,112.87,109.07,109.67,229872549,25326170812.0
NVDA.US,2025-03-31,105.13,110.955,103.65,108.38,299212653,31768132982.0
NVDA.US,2025-04-01,108.515,110.2,106.47,110.15,222614034,24191472549.0
NVDA.US,2025-04-02,107.29,111.98,106.79,110.42,220601243,24156462933.0
NVDA.US,2025-04-03,103.51,105.63,101.6,101.8,338769412,35016370445.0
NVDA.US,2025-04-04,98.91,100.13,92.11,94.31,532273810,50743865723.0
NVDA.US,2025-04-07,87.46,101.75,86.62,97.64,611041347,57989575744.0
NVDA.US,2025-04-08,103.805,105.85,94.46,96.3,476243392,48017450539.0
NVDA.US,2025-04-09,98.89,115.1,97.53,114.33,612918336,65429484519.0
NVDA.US,2025-04-10,109.37,110.86,99.15,107.57,437812353,47133155221.0
NVDA.US,2025-04-11,108.5,111.55,107.48,110.93,313417265,34417058679.0
NVDA.US,2025-04-14,114.11,114.29,109.07,110.71,264705049,29540128753.0
NVDA.US,2025-04-15,110.97,113.615,110.5,112.2,228966900,25574998781.0
NVDA.US,2025-04-16,104.55,106.79,100.45,104.49,397016870,41221400472.0
NVDA.US,2025-04-17,104.45,104.47,100.05,101.49,292517465,29735474452.0
NVDA.US,2025-04-21,98.77,99.44,95.04,96.91,288501136,27838945408.0
NVDA.US,2025-04-22,98.78,99.811,97.28,98.89,241004784,23800271722.0
NVDA.US,2025-04-23,104.52,104.8,102.02,102.71,247525971,25614001344.0
NVDA.US,2025-04-24,103.475,106.54,103.11,106.43,220815041,23294283317.0
NVDA.US,2025-04-25,106.85,111.92,105.73,111.01,251064672,27498681234.0
NVDA.US,2025-04-28,109.69,110.37,106.02,108.73,207708479,22439410532.0
NVDA.US,2025-04-29,107.67,110.2,107.44,109.02,170444263,18565254334.0
NVDA.US,2025-04-30,104.47,108.92,104.08,108.92,235044611,25211492497.0
NVDA.US,2025-05-01,113.08,114.94,111.3,111.61,236121507,26707981127.0
NVDA.US,2025-05-02,114.18,115.4,113.37,114.5,190194778,21752158894.0
NVDA.US,2025-05-05,112.905,114.665,112.66,113.82,133163241,15154529668.0
NVDA.US,2025-05-06,111.48,114.74,110.822,113.54,158525621,17907554862.0
NVDA.US,2025-05-07,113.045,117.68,112.282,117.06,207827821,23838464946.0
NVDA.US,2025-05-08,118.25,118.68,115.85,117.37,198428122,23339200060.0
NVDA.US,2025-05-09,117.35,118.23,115.21,116.65,132972189,15520301345.0
NVDA.US,2025-05-12,121.97,123.0,120.28,123.0,225023345,27477242488.0
NVDA.US,2025-05-13,124.98,131.219,124.47,129.93,330430105,42681329517.0
NVDA.US,2025-05-14,133.195,135.435,131.68,135.34,281180830,37722652316.0
NVDA.US,2025-05-15,134.295,136.3,132.66,134.83,226632563,30483985822.0
NVDA.US,2025-05-16,136.22,136.35,133.46,135.4,226542451,30637296986.0
NVDA.US,2025-05-19,132.39,135.87,132.39,135.57,193154571,26022503583.0
NVDA.US,2025-05-20,134.29,134.58,132.62,134.38,161514247,21615242098.0
NVDA.US,2025-05-21,133.06,137.4,130.59,131.8,270608738,36237388411.0
NVDA.US,2025-05-22,132.23,134.25,131.55,132.83,187343954,24938669059.0
NVDA.US,2025-05-23,130.0,132.68,129.16,131.29,198821324,26061966170.0
NVDA.US,2025-05-27,134.15,135.66,133.31,135.5,192953613,26051015288.0
NVDA.US,2025-05-28,136.025,137.25,134.79,134.81,304021146,41604440462.0
NVDA.US,2025-05-29,142.245,143.49,137.91,139.19,370615167,52124081145.0
NVDA.US,2025-05-30,138.715,139.62,132.92,135.13,333170851,45140546985.0
NVDA.US,2025-06-02,135.49,138.12,135.4,137.38,197663116,27085434814.0
NVDA.US,2025-06-03,138.78,142.0,137.95,141.22,225578783,31780492184.0
NVDA.US,2025-06-04,142.19,142.39,139.545,141.92,167120819,23616295354.0
NVDA.US,2025-06-05,142.17,144.0,138.83,139.99,232410759,32862114681.0
NVDA.US,2025-06-06,142.51,143.27,141.51,141.72,153986153,21889922937.0
NVDA.US,2025-06-09,143.19,145.0,141.94,142.63,185114494,26511522676.0
NVDA.US,2025-06-10,142.69,144.29,141.525,143.96,155881897,22306110821.0
NVDA.US,2025-06-11,144.61,144.99,141.87,142.83,167694044,24061630115.0
NVDA.US,2025-06-12,141.97,145.0,141.85,145.0,162364991,23420652472.0
NVDA.US,2025-06-13,142.48,143.58,140.855,141.97,180820565,25731181755.0
NVDA.US,2025-06-16,143.345,146.175,143.2,144.69,183133666,26535975816.0
NVDA.US,2025-06-17,144.49,145.22,143.78,144.12,139108000,20099960952.0
NVDA.US,2025-06-18,144.005,145.65,143.12,145.48,161494121,23412740215.0
NVDA.US,2025-06-20,145.45,146.2,142.65,143.85,242956157,35057398657.0
NVDA.US,2025-06-23,142.5,144.78,142.03,144.17,154308941,22285037494.0
NVDA.US,2025-06-24,145.56,147.96,145.5,147.9,187566121,27608475209.0
NVDA.US,2025-06-25,149.27,154.45,149.26,154.31,269146471,41028076049.0
NVDA.US,2025-06-26,155.975,156.715,154.0,155.02,198145746,30820474059.0
NVDA.US,2025-06-27,156.04,158.71,155.255,157.75,263234539,41377785562.0
NVDA.US,2025-06-30,158.4,158.66,155.96,157.99,194580316,30677850643.0
NVDA.US,2025-07-01,156.29,157.2,151.49,153.3,213143621,32813801783.0
NVDA.US,2025-07-02,152.98,157.6,152.97,157.25,171224111,26761641582.0
NVDA.US,2025-07-03,158.37,160.98,157.77,159.34,143716055,22904177665.0
NVDA.US,2025-07-07,158.2,159.31,157.342,158.24,140138975,22182988198.0
NVDA.US,2025-07-08,159.33,160.22,158.39,160.0,138133025,22028200005.0
NVDA.US,2025-07-09,161.22,164.42,161.16,162.88,183656443,29944862230.0
NVDA.US,2025-07-10,164.32,164.5,161.61,164.1,167704075,27395773367.0
NVDA.US,2025-07-11,163.715,167.89,163.47,164.92,193633263,32134115534.0
NVDA.US,2025-07-14,165.37,165.49,162.02,164.07,136975754,22501646818.0
NVDA.US,2025-07-15,171.19,172.4,169.195,170.7,230627350,39421890592.0
NVDA.US,2025-07-16,171.06,171.75,168.9,171.37,158831509,27095251165.0
NVDA.US,2025-07-17,172.02,174.16,170.83,173.0,160841119,27831364307.0
NVDA.US,2025-07-18,173.64,174.25,171.26,172.41,146456416,25272871580.0
NVDA.US,2025-07-21,172.75,173.38,171.0,171.38,123126136,21203058912.0
NVDA.US,2025-07-22,171.34,171.39,164.58,167.03,193114327,32338153752.0
NVDA.US,2025-07-23,169.53,171.26,167.97,170.78,154082197,26162938680.0
NVDA.US,2025-07-24,172.44,173.83,171.3,173.74,128984628,22316372284.0
NVDA.US,2025-07-25,173.61,174.72,172.96,173.5,122316792,21266393397.0
NVDA.US,2025-07-28,174.02,177.0,173.97,176.75,140023521,24576290617.0
NVDA.US,2025-07-29,177.96,179.38,175.02,175.51,154077512,27277326958.0
NVDA.US,2025-07-30,176.51,179.89,176.04,179.27,174312208,31178175295.0
NVDA.US,2025-07-31,182.9,183.3,175.93,177.87,221685446,39826421807.0
NVDA.US,2025-08-01,174.09,176.54,170.89,173.72,204528985,35560557727.0
NVDA.US,2025-08-04,175.16,180.2,174.52,180.0,148174609,26428511249.0
NVDA.US,2025-08-05,179.62,180.26,175.9,178.26,156407621,27874574789.0
NVDA.US,2025-08-06,176.325,179.9,176.25,179.42,137192265,24489572089.0
NVDA.US,2025-08-07,181.57,183.88,178.795,180.77,151878365,27537980435.0
NVDA.US,2025-08-08,181.55,183.3,180.4,182.7,123396679,22508952781.0
NVDA.US,2025-08-11,182.05,183.84,180.25,182.06,138323191,25249160490.0
NVDA.US,2025-08-12,182.96,184.48,179.46,183.16,145729202,26533437540.0
NVDA.US,2025-08-13,182.615,183.97,179.35,181.59,179871724,32633670267.0
NVDA.US,2025-08-14,179.75,183.02,179.46,182.02,129553959,23548729290.0
NVDA.US,2025-08-15,181.88,181.9,178.042,180.45,156602161,28175295754.0
NVDA.US,2025-08-18,180.6,182.938,180.59,182.01,132007959,24004185242.0
NVDA.US,2025-08-19,182.43,182.5,175.49,175.64,185229219,32930526447.0
NVDA.US,2025-08-20,175.165,176.0,168.801,175.4,215142725,37128230971.0
NVDA.US,2025-08-21,174.85,176.9,173.81,174.98,140040850,24522176096.0
NVDA.US,2025-08-22,172.61,178.59,171.2,177.99,172789427,30547941703.0
NVDA.US,2025-08-25,178.35,181.91,176.57,179.81,163012789,29346693140.0
NVDA.US,2025-08-26,180.055,182.39,178.81,181.77,168688186,30575591578.0
NVDA.US,2025-08-27,181.98,182.49,179.1,181.6,235518949,42517218533.0
NVDA.US,2025-08-28,180.82,184.47,176.41,180.17,281787824,50670090342.0
NVDA.US,2025-08-29,178.11,178.15,173.145,174.18,243257873,42458382637.0
NVDA.US,2025-09-02,170.0,172.379,167.22,170.78,231164853,39215873921.0
NVDA.US,2025-09-03,171.06,172.41,168.875,170.62,164424873,28060844564.0
NVDA.US,2025-09-04,170.57,171.86,169.41,171.66,141670144,24203955973.0
NVDA.US,2025-09-05,168.03,169.03,164.07,167.02,224441435,37381971371.0
NVDA.US,2025-09-08,167.55,170.96,167.35,168.31,163769133,27746493406.0
NVDA.US,2025-09-09,169.09,170.98,166.74,170.76,157548392,26636413409.0
NVDA.US,2025-09-10,176.64,179.29,175.47,177.33,226852020,40256759009.0
NVDA.US,2025-09-11,179.68,180.28,176.48,177.17,151159274,26865881778.0
NVDA.US,2025-09-12,177.77,178.595,176.45,177.82,124911026,22202289432.0
